Time,Read/s,Write/s,util%
2023-05-01 16:40:17,0.00 , 0.00 , 0.00
2023-05-01 16:40:19,0.00 , 0.00 , 0.00
2023-05-01 16:40:21,0.00 , 0.00 , 0.00
2023-05-01 16:40:23,0.00 , 0.00 , 0.00
2023-05-01 16:40:25,0.00 , 0.00 , 0.80
2023-05-01 16:40:27,0.00 , 0.00 , 0.00
2023-05-01 16:40:29,0.00 , 0.00 , 0.00
2023-05-01 16:40:31,0.00 , 0.00 , 0.00
2023-05-01 16:40:33,0.00 , 0.00 , 0.00
2023-05-01 16:40:35,0.00 , 0.00 , 1.20
2023-05-01 16:40:37,0.00 , 0.00 , 0.00
2023-05-01 16:40:39,0.00 , 0.00 , 0.00
2023-05-01 16:40:41,0.00 , 0.00 , 0.40
2023-05-01 16:40:43,0.00 , 0.00 , 0.00
2023-05-01 16:40:45,0.00 , 0.00 , 0.80
2023-05-01 16:40:47,0.00 , 0.00 , 0.00
2023-05-01 16:40:49,0.00 , 0.00 , 0.00
2023-05-01 16:40:51,0.00 , 0.00 , 0.40
2023-05-01 16:40:53,0.00 , 0.00 , 0.00
2023-05-01 16:40:55,0.00 , 0.00 , 0.80
2023-05-01 16:40:57,0.00 , 0.00 , 0.00
2023-05-01 16:40:59,0.00 , 0.00 , 0.00
2023-05-01 16:41:01,0.00 , 0.00 , 0.00
2023-05-01 16:41:03,0.00 , 0.00 , 0.00
2023-05-01 16:41:05,0.00 , 0.00 , 0.80
2023-05-01 16:41:07,0.00 , 0.00 , 0.00
2023-05-01 16:41:09,0.00 , 0.00 , 0.00
2023-05-01 16:41:11,0.00 , 0.00 , 0.00
2023-05-01 16:41:13,0.00 , 0.00 , 0.00
2023-05-01 16:41:15,0.00 , 0.00 , 0.80
2023-05-01 16:41:17,0.00 , 0.00 , 0.00
2023-05-01 16:41:19,0.00 , 0.00 , 0.00
2023-05-01 16:41:21,0.00 , 0.00 , 0.00
2023-05-01 16:41:23,0.00 , 0.00 , 0.00
2023-05-01 16:41:25,0.00 , 0.00 , 0.80
2023-05-01 16:41:27,0.00 , 0.00 , 0.00
2023-05-01 16:41:29,0.00 , 0.00 , 0.00
2023-05-01 16:41:31,0.00 , 0.00 , 0.40
2023-05-01 16:41:33,0.00 , 0.00 , 0.00
2023-05-01 16:41:35,0.00 , 0.00 , 0.80
2023-05-01 16:41:37,0.00 , 0.00 , 0.00
2023-05-01 16:41:39,0.00 , 0.00 , 0.00
2023-05-01 16:41:41,0.00 , 0.00 , 0.00
2023-05-01 16:41:43,0.00 , 0.00 , 0.00
2023-05-01 16:41:45,0.00 , 0.00 , 0.80
2023-05-01 16:41:47,0.00 , 0.00 , 0.00
2023-05-01 16:41:49,0.00 , 0.00 , 0.00
2023-05-01 16:41:51,0.00 , 0.00 , 0.00
2023-05-01 16:41:53,0.00 , 0.00 , 0.00
2023-05-01 16:41:56,0.00 , 0.00 , 0.80
2023-05-01 16:41:58,0.00 , 0.00 , 0.00
2023-05-01 16:42:00,0.00 , 0.00 , 0.00
2023-05-01 16:42:02,0.00 , 0.00 , 0.00
2023-05-01 16:42:04,0.00 , 0.00 , 71.60
2023-05-01 16:42:06,0.00 , 0.00 , 0.80
2023-05-01 16:42:08,0.00 , 0.00 , 0.00
2023-05-01 16:42:10,0.00 , 0.00 , 0.00
2023-05-01 16:42:12,0.00 , 0.00 , 0.00
2023-05-01 16:42:14,0.00 , 0.00 , 0.00
2023-05-01 16:42:16,0.00 , 0.00 , 0.80
2023-05-01 16:42:18,0.00 , 0.00 , 0.00
2023-05-01 16:42:20,0.00 , 0.00 , 0.40
2023-05-01 16:42:22,0.00 , 0.00 , 0.00
2023-05-01 16:42:24,0.00 , 0.00 , 0.00
2023-05-01 16:42:26,0.00 , 0.00 , 0.40
2023-05-01 16:42:28,0.00 , 0.00 , 0.00
2023-05-01 16:42:30,0.00 , 0.00 , 0.40
2023-05-01 16:42:32,0.00 , 0.00 , 0.00
2023-05-01 16:42:34,0.00 , 0.00 , 0.00
2023-05-01 16:42:36,0.00 , 0.00 , 88.40
2023-05-01 16:42:38,0.00 , 0.00 , 0.00
2023-05-01 16:42:40,0.00 , 0.00 , 0.00
2023-05-01 16:42:42,0.00 , 0.00 , 0.40
2023-05-01 16:42:44,0.00 , 0.00 , 0.00
2023-05-01 16:42:46,0.00 , 0.00 , 0.80
2023-05-01 16:42:48,0.00 , 0.00 , 0.00
2023-05-01 16:42:50,0.00 , 0.00 , 0.00
2023-05-01 16:42:52,0.00 , 0.00 , 0.40
2023-05-01 16:42:54,0.00 , 0.00 , 0.00
2023-05-01 16:42:56,0.00 , 0.00 , 0.00
2023-05-01 16:42:58,0.00 , 0.00 , 0.00
2023-05-01 16:43:00,0.00 , 0.00 , 0.80
2023-05-01 16:43:02,0.00 , 0.00 , 0.00
2023-05-01 16:43:04,0.00 , 0.00 , 0.00
2023-05-01 16:43:06,0.00 , 0.00 , 27.60
2023-05-01 16:43:08,0.00 , 0.00 , 0.00
2023-05-01 16:43:10,0.00 , 0.00 , 0.40
2023-05-01 16:43:12,0.00 , 0.00 , 0.00
2023-05-01 16:43:14,0.00 , 0.00 , 0.40
2023-05-01 16:43:16,0.00 , 0.00 , 0.00
2023-05-01 16:43:18,0.00 , 0.00 , 0.00
2023-05-01 16:43:20,0.00 , 0.00 , 0.40
2023-05-01 16:43:22,0.00 , 0.00 , 0.00
2023-05-01 16:43:24,0.00 , 0.00 , 0.00
2023-05-01 16:43:26,0.00 , 0.00 , 0.00
2023-05-01 16:43:28,0.00 , 0.00 , 0.00
2023-05-01 16:43:30,0.00 , 0.00 , 0.80
2023-05-01 16:43:32,0.00 , 0.00 , 0.40
2023-05-01 16:43:34,0.00 , 0.00 , 0.00
2023-05-01 16:43:36,0.00 , 0.00 , 0.00
2023-05-01 16:43:38,0.00 , 0.00 , 93.20
2023-05-01 16:43:40,0.00 , 0.00 , 0.80
2023-05-01 16:43:42,0.00 , 0.00 , 0.00
2023-05-01 16:43:44,0.00 , 0.00 , 0.40
2023-05-01 16:43:46,0.00 , 0.00 , 0.00
2023-05-01 16:43:48,0.00 , 0.00 , 0.00
2023-05-01 16:43:50,0.00 , 0.00 , 0.80
2023-05-01 16:43:52,0.00 , 0.00 , 0.00
2023-05-01 16:43:54,0.00 , 0.00 , 0.00
2023-05-01 16:43:56,0.00 , 0.00 , 0.00
2023-05-01 16:43:58,0.00 , 0.00 , 0.00
2023-05-01 16:44:00,0.00 , 0.00 , 0.80
2023-05-01 16:44:02,0.00 , 0.00 , 0.00
2023-05-01 16:44:04,0.00 , 0.00 , 0.40
2023-05-01 16:44:06,0.00 , 0.00 , 0.00
2023-05-01 16:44:08,0.00 , 0.00 , 0.00
2023-05-01 16:44:10,0.00 , 0.00 , 1.20
2023-05-01 16:44:12,0.00 , 0.00 , 0.00
2023-05-01 16:44:14,0.00 , 0.00 , 18.80
2023-05-01 16:44:16,0.00 , 0.00 , 55.20
2023-05-01 16:44:18,0.00 , 0.00 , 0.00
2023-05-01 16:44:20,0.00 , 0.00 , 0.80
2023-05-01 16:44:22,0.00 , 0.00 , 0.00
2023-05-01 16:44:24,0.00 , 0.00 , 0.00
2023-05-01 16:44:26,0.00 , 0.00 , 0.00
2023-05-01 16:44:28,0.00 , 0.00 , 0.00
2023-05-01 16:44:30,0.00 , 0.00 , 0.80
2023-05-01 16:44:32,0.00 , 0.00 , 0.00
2023-05-01 16:44:35,0.00 , 0.00 , 0.00
2023-05-01 16:44:37,0.00 , 0.00 , 0.00
2023-05-01 16:44:39,0.00 , 0.00 , 0.00
2023-05-01 16:44:41,0.00 , 0.00 , 0.80
2023-05-01 16:44:43,0.00 , 0.00 , 0.00
2023-05-01 16:44:45,0.00 , 0.00 , 0.00
2023-05-01 16:44:47,0.00 , 0.00 , 0.00
2023-05-01 16:44:49,0.00 , 0.00 , 58.40
2023-05-01 16:44:51,0.00 , 0.00 , 0.80
2023-05-01 16:44:53,0.00 , 0.00 , 0.00
2023-05-01 16:44:55,0.00 , 0.00 , 0.00
2023-05-01 16:44:57,0.00 , 0.00 , 0.00
2023-05-01 16:44:59,0.00 , 0.00 , 0.00
2023-05-01 16:45:01,0.00 , 0.00 , 0.80
2023-05-01 16:45:03,0.00 , 0.00 , 0.00
2023-05-01 16:45:05,0.00 , 0.00 , 0.00
2023-05-01 16:45:07,0.00 , 0.00 , 0.00
2023-05-01 16:45:09,0.00 , 0.00 , 0.00
2023-05-01 16:45:11,0.00 , 0.00 , 0.40
2023-05-01 16:45:13,0.00 , 0.00 , 0.00
2023-05-01 16:45:15,0.00 , 0.00 , 0.40
2023-05-01 16:45:17,0.00 , 0.00 , 0.00
2023-05-01 16:45:19,0.00 , 0.00 , 0.00
2023-05-01 16:45:21,0.00 , 0.00 , 2.00
2023-05-01 16:45:23,0.00 , 0.00 , 0.00
2023-05-01 16:45:25,0.00 , 0.00 , 0.00
2023-05-01 16:45:27,0.00 , 0.00 , 0.00
2023-05-01 16:45:29,0.00 , 0.00 , 0.00
2023-05-01 16:45:31,0.00 , 0.00 , 0.80
2023-05-01 16:45:33,0.00 , 0.00 , 0.00
2023-05-01 16:45:35,0.00 , 0.00 , 0.00
2023-05-01 16:45:37,0.00 , 0.00 , 0.00
2023-05-01 16:45:39,0.00 , 0.00 , 0.00
2023-05-01 16:45:41,0.00 , 0.00 , 0.00
2023-05-01 16:45:43,0.00 , 0.00 , 0.00
2023-05-01 16:45:45,0.00 , 0.00 , 1.20
2023-05-01 16:45:47,0.00 , 0.00 , 0.00
2023-05-01 16:45:49,0.00 , 0.00 , 0.00
2023-05-01 16:45:51,0.00 , 0.00 , 0.00
2023-05-01 16:45:53,0.00 , 0.00 , 0.00
2023-05-01 16:45:55,0.00 , 0.00 , 1.20
2023-05-01 16:45:57,0.00 , 0.00 , 0.00
2023-05-01 16:45:59,0.00 , 0.00 , 0.00
2023-05-01 16:46:01,0.00 , 0.00 , 0.80
2023-05-01 16:46:03,0.00 , 0.00 , 0.00
2023-05-01 16:46:05,0.00 , 0.00 , 0.80
2023-05-01 16:46:07,0.00 , 0.00 , 0.00
2023-05-01 16:46:09,0.00 , 0.00 , 0.00
2023-05-01 16:46:11,0.00 , 0.00 , 0.40
2023-05-01 16:46:13,0.00 , 0.00 , 0.00
2023-05-01 16:46:15,0.00 , 0.00 , 0.80
2023-05-01 16:46:17,0.00 , 0.00 , 0.00
2023-05-01 16:46:19,0.00 , 0.00 , 0.00
2023-05-01 16:46:21,0.00 , 0.00 , 0.00
2023-05-01 16:46:23,0.00 , 0.00 , 0.00
2023-05-01 16:46:25,0.00 , 0.00 , 0.80
2023-05-01 16:46:27,0.00 , 0.00 , 0.00
2023-05-01 16:46:29,0.00 , 0.00 , 0.00
2023-05-01 16:46:31,0.00 , 0.00 , 0.00
2023-05-01 16:46:33,0.00 , 0.00 , 0.00
2023-05-01 16:46:35,0.00 , 0.00 , 0.80
2023-05-01 16:46:37,0.00 , 0.00 , 0.00
2023-05-01 16:46:39,0.00 , 0.00 , 0.00
2023-05-01 16:46:41,0.00 , 0.00 , 0.00
2023-05-01 16:46:43,0.00 , 0.00 , 0.00
2023-05-01 16:46:45,0.00 , 0.00 , 0.80
2023-05-01 16:46:47,0.00 , 0.00 , 0.40
2023-05-01 16:46:49,0.00 , 0.00 , 0.00
2023-05-01 16:46:51,0.00 , 0.00 , 0.40
2023-05-01 16:46:53,0.00 , 0.00 , 0.00
2023-05-01 16:46:55,0.00 , 0.00 , 0.80
2023-05-01 16:46:57,0.00 , 0.00 , 0.40
2023-05-01 16:46:59,0.00 , 0.00 , 0.00
2023-05-01 16:47:01,0.00 , 0.00 , 0.00
2023-05-01 16:47:03,0.00 , 0.00 , 0.00
2023-05-01 16:47:05,0.00 , 0.00 , 0.80
2023-05-01 16:47:07,0.00 , 0.00 , 0.00
2023-05-01 16:47:09,0.00 , 0.00 , 0.00
2023-05-01 16:47:11,0.00 , 0.00 , 0.00
2023-05-01 16:47:13,0.00 , 0.00 , 0.00
2023-05-01 16:47:15,0.00 , 0.00 , 0.80
2023-05-01 16:47:18,0.00 , 0.00 , 0.00
2023-05-01 16:47:20,0.00 , 0.00 , 0.00
2023-05-01 16:47:22,0.00 , 0.00 , 0.00
2023-05-01 16:47:24,0.00 , 0.00 , 0.00
2023-05-01 16:47:26,0.00 , 0.00 , 0.80
2023-05-01 16:47:28,0.00 , 0.00 , 0.00
2023-05-01 16:47:30,0.00 , 0.00 , 0.00
2023-05-01 16:47:32,0.00 , 0.00 , 0.00
2023-05-01 16:47:34,0.00 , 0.00 , 0.40
2023-05-01 16:47:36,0.00 , 0.00 , 0.80
2023-05-01 16:47:38,0.00 , 0.00 , 0.00
2023-05-01 16:47:40,0.00 , 0.00 , 0.40
2023-05-01 16:47:42,0.00 , 0.00 , 0.00
2023-05-01 16:47:44,0.00 , 0.00 , 0.00
2023-05-01 16:47:46,0.00 , 0.00 , 0.80
2023-05-01 16:47:48,0.00 , 0.00 , 0.00
2023-05-01 16:47:50,0.00 , 0.00 , 0.00
2023-05-01 16:47:52,0.00 , 0.00 , 0.00
2023-05-01 16:47:54,0.00 , 0.00 , 0.00
2023-05-01 16:47:56,0.00 , 0.00 , 0.80
2023-05-01 16:47:58,0.00 , 0.00 , 0.00
2023-05-01 16:48:00,0.00 , 0.00 , 0.00
2023-05-01 16:48:02,0.00 , 0.00 , 0.00
2023-05-01 16:48:04,0.00 , 0.00 , 0.00
2023-05-01 16:48:06,0.00 , 0.00 , 0.80
2023-05-01 16:48:08,0.00 , 0.00 , 0.00
2023-05-01 16:48:10,0.00 , 0.00 , 0.00
2023-05-01 16:48:12,0.00 , 0.00 , 0.00
2023-05-01 16:48:14,0.00 , 0.00 , 0.00
2023-05-01 16:48:16,0.00 , 0.00 , 0.80
2023-05-01 16:48:18,0.00 , 0.00 , 0.00
2023-05-01 16:48:20,0.00 , 0.00 , 0.00
2023-05-01 16:48:22,0.00 , 0.00 , 0.00
2023-05-01 16:48:24,0.00 , 0.00 , 0.00
2023-05-01 16:48:26,0.00 , 0.00 , 0.00
2023-05-01 16:48:28,0.00 , 0.00 , 0.00
2023-05-01 16:48:30,0.00 , 0.00 , 0.80
2023-05-01 16:48:32,0.00 , 0.00 , 0.00
2023-05-01 16:48:34,0.00 , 0.00 , 0.00
2023-05-01 16:48:36,0.00 , 0.00 , 0.40
2023-05-01 16:48:38,0.00 , 0.00 , 0.00
2023-05-01 16:48:40,0.00 , 0.00 , 0.80
2023-05-01 16:48:42,0.00 , 0.00 , 0.00
2023-05-01 16:48:44,0.00 , 0.00 , 0.00
2023-05-01 16:48:46,0.00 , 0.00 , 0.00
2023-05-01 16:48:48,0.00 , 0.00 , 0.00
2023-05-01 16:48:50,0.00 , 0.00 , 0.80
2023-05-01 16:48:52,0.00 , 0.00 , 0.00
